Sku,Product Name,Similar Product Sku,Category Name,Total Weight,Purchased Price,Selling Price,CGST,SGST,IGST,Product Image,Description,Specification,weight per packet,Weight Unit,No of Packet,Brand ID
JSDAGROPROD0005,Debayan Demo Rice,JSDAGROPROD0005,Rice & Rice Products,10000,900,1200,9,9,0,debayan_rice.jpg,This is a test description for Debayan Rice,This is a test specification for Debayan Rice,10,Kg,100,1
JSDAGROPROD0006,Debayan Demo Rice,JSDAGROPROD0005,Rice & Rice Products,5000,450,650,9,9,0,debayan_rice.jpg,This is a test description for Debayan Rice,This is a test specification for Debayan Rice,5,Kg,100,1
JSDAGROPROD0007,Debayan Demo Rice,JSDAGROPROD0005,Rice & Rice Products,1000,100,130,9,9,0,debayan_rice.jpg,This is a test description for Debayan Rice,This is a test specification for Debayan Rice,1,Kg,100,1
JSDAGROPROD0008,Debayan Demo Rice,JSDAGROPROD0005,Rice & Rice Products,500,80,110,9,9,0,debayan_rice.jpg,This is a test description for Debayan Rice,This is a test specification for Debayan Rice,500,gm,100,1
JSDAGROPROD0009,Debayan Demo Pickle,JSDAGROPROD0009,Pickles & Chutneys,10000,90,110,9,9,0,debayan_pickle.jpg,This is a test description for Debayan Rice,This is a test specification for Debayan Rice,350,gm,100,1
