inventory_in_out,user_id,package_location_id,prod_name,category_id,total_weight,purchased_price,selling_price,cgst,sgst,igst,product_image,description,specification,created_at,updated_at,"weight_per_packed
","weight_unit

","no_of_packet
",sku
Test Rice,1,1,Rice,12,,100,150,7,7,7,,desc1,spec1,,,10,Kilogram,10,1607605360RIYEQC
Test Oil,1,1,Oil,11,,500,600,9,9,9,,desc2,spec2,,,1,litter,20,1606547360RITRCG
Test Dal,1,1,Moong dal,13,,120,130,9.25,9.25,9.25,,desc3,spec3,,,2,kilogram,500,1606541600RITDFQ
Test Dal,1,1,Masoor dal,13,,130,140,9,9,9,,desc4,spec3,,,1,kilogram,1000,4317841600EXCGFQ
Test Rice,1,1,Dehradun Rice,12,,180,200,7,7,7,,desc5,spec5,,,5,kilogram,1000,2143541600TAGGFQ
Test Oil,1,1,Castor oil,11,,250,300,9,9,9,,desc6,spec6,,,1,litre,500,9638421600TASDFG
test rice,1,1,Gobindavhog rice,12,,100,150,7.5,7.5,7.5,,desc7,spec7,,,1,kilogram,200,1472581689TASLKJ
Test Oil,1,1,Sunflower Oil,11,,150,180,9,9,9,,desc8,desc8,,,1,litre,500,1234567890FVGBJM
test dal,1,1,Urad Dal,13,,180,200,7,7,7,,desc9,spec9,,,1,kilogram,200,1122334455GFFDD
test rice,1,1,Baskati Rice,12,,50,60,9,9,9,,desc10,spec10,,,1,kilogram,1000,8645101689TAHJEQ