Product Name,Category,Total Weight,Purchased Price,Selling Price,CGST,SGST,IGST,Product Image,Description,Specification,Created At,Updated At,weight per packet,Weight Unit,No of Packet,Sku
Family Farm Premium Banskati Rice,12,500,100,120,9.25,9.25,9.25,,"Carefully chosen and naturally grown
Long and slender grains
Rich impeccable taste with characteristic sweet aroma
Ideal for preparing hearty Biryani and Pulao recipes",Test Spec,,,5,kilogram,100,1234567890QWERTY
Family Farm Premium Miniket Rice,12,500,110,130,9.25,9.25,9.25,,"Premium quality rice
Healthy and delicious
Known for its rich texture, flavour and aroma
Ideal for everyday consumption",,,,5,kilogram,100,1352465791SDFGHJ
Grofers Mother's Choice Banskati Rice,12,500,150,180,9.25,9.25,9.25,,"Packed with the signature sweet aroma
Perfectly thin long grains with a distinctive flavour
Impeccable rich taste
Ideal for authentic preparations like Biryani, Kheer, Pulao etc.",,,,5,kilogram,100,7698541201ZXCVBN
Basic Chana Dal,14,500,80,100,9,9,9,,"Enriched with the goodness of protein and essential nutrients
Easily digestible and healthy
Rich source of dietary fibre
Ideal to prepare a variety of cuisines like salads, curries, soups, dal preparations, sweets and also few rice dishes",,,,1,kilogram,500,1029384756YHNTGB
"Grocery Arhar Dal/Toor Dal
",14,500,150,200,7,7,7,,"GPA Foods Pvt Ltd HSIIDC Industrial area Food Park Rai Sonipath-131029 Fssai Lic No-10814020000067
Marketed By
Hands on Trades Pvt. Ltd. 19, RPS, Sheikh Sarai 1 , New Delhi- 110017",,,,1,kilogram,500,0192837465LAKSJD
Tata Sampann Red Masoor Dal,14,500,100,120,9,9,,,"Premium quality graded grains
Rich source of Protein
Does not contain cholesterol, added chemicals and impurities
Used in recipes like Dal Tadka or flavourful Darbari Dal etc.",,,,1,kilogram,500,1122334455xswcde
,,,,,,,,,,,,,,,,
,,,,,,,,,,,,,,,,
,,,,,,,,,,,,,,,,